,Team,Average Age,Total Payroll Allocations,Active 26-Man,Injured,Retained,Buried,Year,Wins,Losses
0,LAD,29.5,"$350,024,106","$268,807,958","$48,883,969",-,"$1,753,867",2025,93,69
1,MIL,27.4,"$137,618,720","$86,638,816","$15,805,635","$16,600,000","$3,307,850",2025,97,65
2,NYM,29.3,"$342,053,011","$267,754,963","$48,538,020",-,"$19,353,633",2025,83,79
3,CHW,26.4,"$79,960,763","$17,295,751","$41,763,612","$1,504,667","$6,808,578",2025,60,102
4,WSH,26.1,"$109,465,924","$25,303,478","$21,807,496",-,"$1,700,889",2025,66,96
5,MIA,26.3,"$67,794,627","$34,212,751","$7,294,675",-,"$1,820,687",2025,79,83
6,TB,28.0,"$88,629,788","$41,105,049","$9,755,231","$1,000,000","$3,533,960",2025,77,85
7,CLE,26.3,"$100,115,946","$48,604,621","$15,769,560",-,"$11,067,134",2025,88,74
8,ATH,26.9,"$78,384,241","$49,340,255","$15,933,681",-,"$941,654",2025,76,86
9,MIN,27.8,"$129,650,732","$49,351,640","$24,750,911","$225,000","$1,615,943",2025,70,92
10,COL,26.0,"$127,325,786","$60,517,751","$32,700,236","$1,500,000","$5,608,211",2025,43,119
11,BAL,27.3,"$158,571,377","$64,226,457","$29,850,106",-,"$6,713,671",2025,75,87
12,ARI,27.4,"$177,424,443","$68,710,886","$55,771,644","$1,500,000","$2,303,444",2025,80,82
13,CIN,27.6,"$119,036,486","$82,400,075","$6,690,527","$3,000,000","$3,428,787",2025,83,79
14,KC,28.5,"$133,630,058","$86,341,302","$26,724,341","$1,500,000","$2,640,601",2025,82,80
15,PIT,27.3,"$84,423,338","$50,700,867","$2,440,921",-,"$3,956,275",2025,71,91
16,STL,27.1,"$131,152,698","$86,756,503","$19,543,050",-,"$1,293,004",2025,78,84
17,SF,28.4,"$178,562,152","$136,191,076","$7,481,768","$250,000","$3,134,646",2025,81,81
18,LAA,27.5,"$208,420,995","$99,015,619","$88,166,299","$2,000,000","$11,676,458",2025,72,90
19,NYY,29.7,"$304,091,683","$198,430,719","$46,660,521","$5,000,000","$2,827,701",2025,94,68
20,CHC,29.6,"$214,020,073","$177,899,985","$11,051,639","$2,750,000","$4,108,173",2025,92,70
21,SD,29.3,"$223,125,239","$165,519,283","$28,221,328","$6,300,000","$7,365,058",2025,90,72
22,TOR,28.9,"$255,230,406","$160,405,569","$70,568,356",-,"$2,057,492",2025,94,68
23,HOU,28.6,"$232,140,003","$139,280,023","$51,185,631","$701,520","$5,075,621",2025,87,75
24,PHI,30.4,"$293,240,191","$226,763,871","$55,474,994","$3,000,000","$2,359,921",2025,96,66
25,BOS,28.8,"$203,658,855","$129,032,021","$31,081,338","$7,360,000","$3,420,669",2025,89,73
26,ATL,29.5,"$220,223,651","$128,648,209","$68,078,413","$3,500,000","$11,733,626",2025,76,86
27,SEA,28.0,"$165,596,493","$128,418,817","$3,179,691","$1,750,000","$8,432,246",2025,90,72
28,TEX,30.3,"$226,526,491","$113,977,024","$103,593,859",-,"$2,174,353",2025,81,81
29,DET,28.5,"$157,542,361","$106,720,782","$27,908,427","$2,000,000","$4,649,896",2025,87,75
30,CHC,27.9,"$229,567,975","$177,805,468","$10,207,418","$36,617,219","$7,604,537",2024,83,79
31,COL,26.8,"$146,100,965","$79,534,485","$51,060,000","$13,132,583","$2,373,897",2024,61,101
32,LAD,30.4,"$240,240,117","$169,526,771","$37,949,016","$27,706,461","$1,846,901",2024,98,64
33,SF,27.6,"$201,967,381","$102,704,227","$53,113,846","$44,357,646","$1,791,662",2024,80,82
34,PHI,29.0,"$246,299,605","$226,211,338","$3,031,516","$15,356,883","$1,699,868",2024,95,67
35,ATL,30.9,"$236,433,901","$156,338,167","$47,028,814","$29,249,155","$8,417,765",2024,89,73
36,TOR,27.9,"$218,402,819","$132,130,693","$26,456,777","$54,615,363","$5,199,986",2024,74,88
37,TEX,29.4,"$225,545,408","$141,209,070","$70,265,121","$8,523,079","$798,138",2024,78,84
38,HOU,29.2,"$255,271,371","$174,853,862","$45,109,866","$21,665,317","$13,642,326",2024,88,73
39,STL,28.0,"$175,932,759","$112,213,666","$44,602,200","$18,024,055","$1,092,838",2024,83,79
40,CHW,26.1,"$132,497,547","$74,306,691","$8,284,460","$46,893,796","$3,012,600",2024,41,121
41,NYY,29.1,"$308,574,607","$260,231,924","$25,630,756","$19,146,394","$3,565,533",2024,94,68
42,NYM,30.4,"$314,748,899","$186,528,021","$37,578,740","$87,720,420","$3,931,503",2024,89,73
43,BOS,27.5,"$188,537,445","$77,327,289","$76,400,974","$31,745,306","$3,063,876",2024,81,81
44,LAA,27.4,"$172,189,987","$40,083,433","$108,620,160","$18,817,429","$5,873,804",2024,63,99
45,ARI,28.9,"$172,806,829","$134,502,970","$9,600,600","$25,631,063","$3,001,465",2024,89,73
46,CIN,28.3,"$100,254,855","$52,050,116","$22,271,250","$20,560,145","$1,573,344",2024,77,85
47,PIT,27.7,"$84,050,989","$51,220,210","$14,524,211","$15,341,351","$2,965,217",2024,76,86
48,TB,26.8,"$89,707,422","$37,691,876","$13,179,262","$34,675,167","$1,706,572",2024,80,82
49,DET,26.0,"$96,961,614","$33,226,992","$26,677,166","$36,920,494","$1,070,295",2024,86,76
50,CLE,26.3,"$105,224,582","$50,885,032","$21,120,833","$22,945,837","$10,272,880",2024,92,69
51,BAL,28.4,"$109,335,494","$65,994,548","$10,808,540","$30,650,082","$1,882,324",2024,91,71
52,MIL,27.9,"$114,223,379","$71,398,748","$34,433,308","$6,151,779","$2,239,544",2024,93,69
53,SD,30.0,"$170,855,090","$142,394,254","$9,034,386","$19,045,542","$2,437,482",2024,93,69
54,OAK,26.5,"$62,132,581","$28,956,713","$15,581,092","$15,557,073","$1,763,221",2024,69,93
55,WSH,26.9,"$103,945,407","$60,351,144","$26,347,303","$14,212,004","$2,847,990",2024,71,91
56,MIA,26.7,"$96,590,305","$11,473,396","$19,701,083","$64,284,585","$4,131,241",2024,62,100
57,MIN,28.5,"$129,080,051","$102,020,614","$22,053,202","$2,570,833","$2,435,402",2024,82,80
58,SEA,28.5,"$147,930,632","$93,668,820","$29,288,727","$28,968,591","$2,004,494",2024,85,77
59,KC,29.4,"$122,566,873","$84,606,907","$14,486,000","$21,087,524","$2,386,442",2024,86,76
60,CHW,27.9,"$162,863,836","$85,292,616","$37,717,329","$38,812,106","$1,041,785",2023,61,101
61,CHC,28.5,"$189,409,358","$134,751,105","$12,522,069","$35,403,285","$6,732,899",2023,83,79
62,BOS,28.3,"$180,926,796","$128,063,857","$28,736,341","$22,444,333","$1,682,265",2023,78,84
63,SF,28.1,"$187,398,165","$130,565,831","$39,922,449","$15,271,991","$1,637,894",2023,79,83
64,LAD,30.0,"$240,278,296","$149,705,968","$33,764,202","$34,802,727","$1,290,369",2023,100,62
65,TOR,29.6,"$214,630,885","$194,200,854","$6,851,292","$9,776,101","$3,802,638",2023,89,73
66,HOU,29.6,"$237,107,748","$211,270,410","$16,713,200","$2,830,000","$2,694,138",2023,90,72
67,COL,28.1,"$171,026,607","$75,181,741","$46,742,764","$47,613,189","$1,488,913",2023,59,103
68,PHI,28.4,"$245,419,295","$218,609,553","$12,530,327","$3,345,770","$10,933,645",2023,90,72
69,TEX,29.2,"$251,332,754","$148,828,188","$96,208,979","$4,993,881","$1,301,706",2023,90,72
70,SD,29.2,"$253,450,531","$163,098,555","$71,689,912","$16,420,993","$716,071",2023,82,80
71,LAA,26.8,"$227,884,276","$43,769,159","$147,537,321","$28,243,281","$1,334,515",2023,73,89
72,NYY,28.5,"$278,651,150","$187,316,625","$50,681,231","$35,880,817","$1,452,477",2023,82,80
73,STL,27.8,"$153,793,028","$83,908,832","$48,168,555","$20,560,215","$1,155,426",2023,71,91
74,NYM,28.4,"$341,673,777","$104,157,606","$76,849,257","$158,207,683","$2,459,231",2023,75,87
75,ATL,28.5,"$204,689,131","$158,186,507","$34,160,535","$11,447,888","$894,201",2023,104,58
76,MIN,28.8,"$155,999,708","$77,967,521","$71,263,008","$3,421,766","$3,347,413",2023,87,75
77,OAK,26.1,"$62,243,227","$31,196,397","$7,178,987","$16,193,039","$7,674,804",2023,50,112
78,KC,26.7,"$95,596,347","$54,242,001","$17,014,952","$22,659,571","$1,679,823",2023,56,106
79,BAL,28.0,"$68,706,439","$53,159,734","$3,179,476","$9,861,733","$2,505,496",2023,101,61
80,TB,27.5,"$74,948,362","$50,544,710","$15,788,201","$2,956,334","$1,004,572",2023,99,63
81,PIT,25.6,"$74,670,975","$30,946,061","$22,463,351","$17,801,293","$3,460,270",2023,76,86
82,CLE,26.3,"$88,911,627","$54,881,912","$1,881,400","$30,397,406","$1,158,646",2023,76,86
83,CIN,27.7,"$95,573,417","$43,815,845","$9,699,072","$38,896,450","$3,162,050",2023,82,80
84,MIL,28.9,"$115,413,345","$86,339,557","$11,924,851","$13,590,062","$3,260,808",2023,92,70
85,MIA,28.7,"$105,435,809","$59,782,517","$25,595,861","$10,698,514","$1,158,917",2023,84,78
86,WSH,26.9,"$93,378,663","$49,949,016","$32,648,896","$7,902,056","$2,646,435",2023,71,91
87,ARI,27.6,"$116,777,354","$60,263,998","$11,197,775","$39,202,529","$6,113,052",2023,84,78
88,SEA,27.1,"$124,766,903","$71,896,948","$27,157,168","$24,571,247","$1,141,540",2023,88,74
89,DET,27.5,"$119,344,514","$82,493,535","$20,259,107","$15,005,322","$1,586,550",2023,78,84
90,MIN,27.0,"$150,363,491","$77,058,186","$53,517,506","$18,666,930","$1,120,869",2022,78,84
91,CHC,27.9,"$150,580,017","$83,228,504","$44,219,852","$20,225,459","$2,906,202",2022,74,88
92,DET,27.5,"$135,112,588","$105,762,860","$13,017,207","$15,133,063","$1,199,458",2022,66,96
93,COL,27.7,"$140,012,218","$66,960,029","$64,172,808","$7,833,905","$1,045,476",2022,68,94
94,TEX,27.2,"$150,037,446","$100,539,086","$13,330,822","$30,024,329","$6,143,209",2022,68,94
95,WSH,28.8,"$126,672,438","$58,988,509","$40,679,307","$25,629,924","$1,374,698",2022,55,107
96,PHI,28.3,"$244,484,097","$158,569,333","$11,897,332","$30,945,214","$9,883,756",2022,87,75
97,LAD,29.5,"$270,381,426","$231,003,922","$28,920,266","$5,332,866","$1,256,241",2022,111,51
98,CHW,29.6,"$203,205,326","$154,697,729","$20,008,123","$25,306,501","$3,192,973",2022,81,81
99,SD,29.2,"$224,511,694","$173,934,032","$10,925,000","$34,528,348","$921,017",2022,89,73
100,NYY,29.6,"$252,957,200","$214,676,803","$25,203,665","$12,115,094","$961,638",2022,99,63
101,NYM,30.1,"$264,342,506","$222,412,889","$4,155,954","$28,130,999","$992,664",2022,101,61
102,BOS,28.8,"$211,812,131","$109,769,156","$50,192,677","$48,696,520","$3,153,778",2022,78,84
103,SF,28.3,"$161,717,317","$43,246,200","$90,082,706","$19,651,602","$2,736,809",2022,81,81
104,LAA,27.7,"$177,727,811","$118,104,253","$6,978,028","$49,768,044","$2,877,486",2022,73,89
105,TOR,28.5,"$177,001,966","$141,662,800","$25,698,159","$7,955,708","$1,685,299",2022,92,70
106,SEA,27.6,"$110,826,407","$77,183,408","$9,896,644","$13,680,533","$2,315,822",2022,90,72
107,BAL,27.1,"$44,888,388","$25,488,146","$2,759,974","$13,258,460","$3,381,808",2022,83,79
108,CLE,25.6,"$66,477,492","$56,507,878","$702,900","$4,619,812","$4,646,902",2022,92,70
109,OAK,27.1,"$48,443,900","$15,196,960","$6,642,582","$22,966,027","$3,265,269",2022,60,102
110,PIT,26.0,"$56,184,032","$30,472,503","$8,449,026","$13,072,838","$4,189,665",2022,62,100
111,TB,27.9,"$97,167,073","$50,869,016","$33,372,433","$11,455,026","$1,470,598",2022,86,76
112,ARI,27.8,"$85,293,905","$53,176,803","$19,224,958","$9,707,562","$2,484,582",2022,74,88
113,CIN,27.9,"$115,417,321","$22,546,012","$61,180,258","$30,148,483","$1,542,568",2022,62,100
114,MIA,27.6,"$88,454,422","$50,291,980","$20,999,362","$10,674,607","$1,938,473",2022,69,93
115,MIL,28.5,"$130,769,325","$93,743,089","$5,763,506","$26,548,013","$4,714,717",2022,86,76
116,STL,28.8,"$155,378,325","$134,723,541","$8,750,000","$9,569,813","$2,334,971",2022,93,69
117,HOU,29.0,"$183,791,796","$142,736,145","$21,550,000","$14,691,453","$2,135,613",2022,106,56
118,ATL,29.0,"$177,138,888","$143,633,732","$20,918,726","$10,710,954","$1,875,476",2022,101,61
119,KC,26.4,"$92,613,711","$62,728,828","$6,413,200","$21,516,010","$1,955,673",2022,65,97
120,NYY,28.9,"$203,311,013","$141,518,753","$48,217,362","$12,129,712","$1,445,186",2021,92,70
121,STL,29.5,"$151,469,994","$116,018,560","$14,512,682","$19,759,129","$1,179,623",2021,90,72
122,ATL,28.2,"$151,393,755","$115,354,620","$3,301,950","$17,735,468","$1,596,717",2021,88,73
123,CHC,28.0,"$144,037,170","$33,340,389","$38,534,396","$71,494,409","$667,976",2021,71,91
124,BOS,29.1,"$186,718,068","$141,452,731","$2,832,729","$41,374,493","$1,058,115",2021,92,70
125,HOU,28.7,"$194,222,042","$146,877,726","$39,870,546","$4,134,205","$3,339,565",2021,95,67
126,SD,29.1,"$179,767,346","$125,977,584","$49,745,500","$2,549,590","$1,494,672",2021,79,83
127,WSH,28.4,"$144,415,187","$50,076,145","$34,877,122","$57,061,332","$2,400,588",2021,65,97
128,SF,29.6,"$171,191,545","$134,386,796","$19,766,740","$12,958,219","$4,079,790",2021,107,55
129,PHI,28.2,"$190,513,223","$141,014,046","$19,936,225","$13,803,916","$5,759,036",2021,82,80
130,LAA,28.7,"$182,749,560","$33,967,088","$100,777,679","$46,663,119","$1,341,674",2021,77,85
131,LAD,28.9,"$265,343,390","$174,661,542","$37,823,684","$6,150,521","$15,374,310",2021,106,56
132,NYM,29.6,"$201,189,189","$176,565,754","$11,933,570","$9,524,946","$3,735,419",2021,77,85
133,MIN,28.5,"$121,417,939","$84,942,828","$13,198,044","$19,934,219","$3,342,848",2021,73,89
134,ARI,27.5,"$91,632,929","$54,229,878","$8,694,478","$25,868,212","$2,840,361",2021,52,110
135,TOR,28.2,"$150,140,253","$109,902,749","$8,853,529","$28,315,121","$3,068,854",2021,91,71
136,OAK,30.0,"$89,767,668","$51,210,210","$34,397,095","$2,500,111","$1,079,752",2021,86,76
137,TEX,27.0,"$95,788,819","$24,843,032","$7,899,375","$58,916,700","$4,129,712",2021,60,102
138,CLE,26.6,"$50,670,534","$35,682,311","$1,367,760","$11,873,544","$1,470,889",2021,80,82
139,TB,28.1,"$70,104,552","$44,288,651","$18,352,159","$6,218,025","$1,245,717",2021,100,62
140,BAL,26.8,"$42,421,870","$13,838,690","$7,682,535","$19,045,619","$1,855,026",2021,52,110
141,PIT,26.8,"$54,356,609","$17,797,841","$7,847,255","$19,989,602","$971,911",2021,61,101
142,SEA,27.4,"$83,822,113","$57,010,274","$16,037,933","$8,004,079","$2,199,327",2021,90,72
143,MIA,27.1,"$58,088,180","$16,304,223","$15,489,077","$23,940,904","$2,353,976",2021,67,95
144,MIL,28.9,"$99,377,415","$79,937,621","$3,109,474","$10,266,654","$6,217,716",2021,95,67
145,DET,27.5,"$83,698,945","$61,408,153","$13,503,703","$8,352,752","$434,337",2021,77,85
146,KC,27.4,"$91,595,545","$52,514,932","$15,758,956","$21,740,784","$1,580,873",2021,74,88
147,CHW,28.0,"$140,406,825","$125,829,369","$3,193,240","$10,099,143","$1,285,073",2021,93,69
148,CIN,28.0,"$126,587,447","$85,325,437","$35,531,500","$4,226,409","$1,504,101",2021,83,79
149,COL,27.7,"$116,208,966","$79,695,422","$5,931,272","$19,571,956","$3,010,316",2021,74,87
150,ARI,28.1,"$65,598,752","$20,283,697","$1,589,593","$40,016,446","$500,312",2020,25,35
151,STL,28.0,"$73,246,343","$51,757,860","$12,343,763","$12,000,000","$1,087,757",2020,30,28
152,CHC,28.8,"$86,012,838","$66,116,504","$6,448,626","$12,464,463","$983,245",2020,34,26
153,SF,29.0,"$73,408,817","$40,562,214","$1,428,006","$13,996,618","$8,718,276",2020,29,31
154,TEX,26.8,"$56,098,581","$23,101,258","$16,905,177","$15,338,320","$505,066",2020,22,38
155,LAA,28.0,"$67,040,893","$56,821,306","$509,650","$4,356,290","$596,339",2020,26,34
156,COL,28.4,"$67,808,533","$23,940,328","$17,205,744","$30,851,852","$958,757",2020,26,34
157,SD,28.4,"$72,861,614","$54,293,958","$3,531,020","$14,471,215","$565,421",2020,37,23
158,PHI,28.3,"$73,543,547","$57,105,401","$13,236,891","$2,662,073","$539,182",2020,28,32
159,HOU,27.8,"$82,655,105","$61,406,160","$18,763,334","$250,000","$754,130",2020,29,31
160,WSH,29.5,"$74,697,333","$45,664,863","$20,500,582","$7,137,096","$98,495",2020,26,34
161,LAD,28.0,"$124,719,080","$94,165,961","$493,889","$16,917,530","$7,007,070",2020,43,17
162,NYM,29.3,"$81,945,598","$46,360,406","$15,399,881","$18,418,790","$373,486",2020,26,34
163,NYY,29.0,"$111,939,081","$77,215,694","$9,920,725","$23,982,977","$819,685",2020,33,27
164,BOS,27.6,"$84,210,390","$36,071,047","$16,644,224","$15,553,004","$15,719,893",2020,24,36
165,DET,26.7,"$43,164,880","$29,636,694","$6,108,631","$6,488,226","$931,329",2020,23,35
166,SEA,26.8,"$50,563,459","$25,865,136","$3,268,960","$30,708,712","$165,095",2020,27,33
167,PIT,27.4,"$25,343,022","$12,738,842","$8,467,312","$2,437,508","$199,360",2020,19,41
168,CIN,28.4,"$55,147,001","$51,854,326","$658,696","$1,922,138","$711,841",2020,31,29
169,TB,27.9,"$28,290,689","$21,769,463","$1,958,020","$2,086,951","$2,476,255",2020,40,20
170,BAL,27.0,"$23,478,635","$10,252,278","$11,102,531","$1,264,595","$562,935",2020,25,35
171,OAK,29.3,"$36,720,178","$35,283,875","$902,038","$113,148","$421,117",2020,36,24
172,CLE,27.8,"$39,299,107","$34,471,070","$209,630","$3,269,241","$1,139,981",2020,35,25
173,MIA,28.2,"$33,901,920","$17,388,599","$2,897,429","$12,335,262","$1,280,630",2020,31,29
174,KC,26.9,"$34,934,696","$25,320,148","$7,094,043","$1,464,114","$1,056,391",2020,26,34
175,MIL,27.9,"$41,434,086","$28,464,819","$1,203,704","$4,484,938","$1,354,699",2020,29,31
176,CHW,27.3,"$53,665,251","$43,034,329","$1,819,815","$7,812,642","$789,761",2020,35,25
177,MIN,29.5,"$59,679,689","$49,057,558","$6,876,058","$7,313,300","$840,180",2020,36,24
178,TOR,27.6,"$54,237,801","$33,467,052","$5,114,444","$14,667,030","$778,905",2020,32,28
179,ATL,29.1,"$60,552,671","$50,458,292","$7,255,497","$1,000,284","$838,598",2020,35,25
180,SEA,26.9,"$144,388,309","$84,703,863","$5,638,913","$51,230,092","$1,015,441",2019,68,94
181,KC,26.2,"$103,973,003","$68,625,332","$11,895,598","$23,207,385","$244,688",2019,59,103
182,WSH,29.4,"$172,307,808","$155,857,858","$1,369,684","$14,062,625","$1,017,641",2019,93,69
183,STL,27.3,"$173,544,423","$135,268,456","$21,794,083","$16,427,751","$54,133",2019,91,71
184,LAD,28.3,"$207,000,814","$157,394,622","$1,341,835","$41,972,880","$5,736,477",2019,106,56
185,PHI,27.5,"$158,976,752","$82,703,582","$67,270,903","$3,500,513","$151,754",2019,81,81
186,BOS,28.1,"$229,166,880","$165,856,221","$37,583,783","$25,887,800","$394,076",2019,84,78
187,NYY,28.6,"$223,019,037","$171,935,047","$42,325,463","$7,772,219","$408,808",2019,103,59
188,COL,27.3,"$155,403,513","$120,506,596","$12,420,904","$17,868,240","$4,607,773",2019,71,91
189,LAA,27.2,"$157,999,465","$118,016,581","$15,868,930","$23,964,754","$149,200",2019,72,90
190,SF,27.8,"$178,054,110","$137,019,224","$9,768,564","$31,241,902","$24,420",2019,77,85
191,DET,26.8,"$114,631,137","$72,709,746","$14,738,806","$26,148,511","$1,034,074",2019,47,114
192,CHC,28.7,"$221,580,085","$197,673,216","$11,093,615","$8,275,227","$4,538,027",2019,84,78
193,CIN,27.2,"$128,691,569","$84,680,306","$580,000","$43,074,191","$357,072",2019,75,87
194,NYM,28.1,"$146,538,234","$104,490,573","$16,519,542","$25,220,967","$307,152",2019,86,76
195,TOR,25.5,"$111,086,139","$36,637,976","$8,512,071","$65,351,162","$584,930",2019,67,95
196,MIA,27.4,"$75,596,271","$66,602,760","$3,001,903","$4,968,020","$1,023,588",2019,57,105
197,TEX,26.1,"$127,538,766","$64,904,339","$26,592,526","$31,252,401","$4,789,500",2019,78,84
198,OAK,28.5,"$98,644,531","$83,509,128","$622,664","$13,870,505","$642,234",2019,97,65
199,PIT,26.8,"$72,176,474","$27,674,108","$19,571,272","$20,053,143","$377,951",2019,69,93
200,CLE,27.6,"$106,838,693","$83,738,008","$6,588,308","$16,165,338","$347,039",2019,93,69
201,MIN,27.3,"$125,256,003","$96,059,595","$1,773,872","$19,156,231","$266,305",2019,101,61
202,CHW,27.5,"$91,371,201","$67,330,431","$10,267,750","$13,080,697","$692,323",2019,72,89
203,TB,27.3,"$64,178,722","$54,345,374","$644,520","$9,084,388","$104,440",2019,96,66
204,BAL,26.5,"$73,328,658","$52,804,601","$9,822,272","$8,886,476","$1,815,309",2019,54,108
205,SD,25.6,"$103,699,790","$65,446,794","$10,746,013","$25,368,956","$2,138,027",2019,70,92
206,ATL,28.7,"$143,947,963","$117,758,736","$8,328,689","$17,791,906","$68,632",2019,97,65
207,MIL,28.2,"$135,889,019","$107,189,797","$8,283,400","$20,248,718","$167,104",2019,89,73
208,HOU,28.5,"$167,138,259","$153,370,215","$11,713,065","$1,777,467","$277,512",2019,107,55
209,ARI,27.5,"$118,672,377","$65,040,742","$11,699,600","$26,307,583","$15,624,452",2019,85,77
210,TOR,26.8,"$150,946,147","$81,293,347","$20,481,474","$48,740,616","$430,710",2018,73,89
211,NYY,27.5,"$180,098,151","$148,010,829","$22,568,376","$9,249,414","$269,532",2018,100,62
212,STL,26.8,"$162,334,311","$113,741,329","$27,345,600","$20,907,798","$339,584",2018,88,74
213,NYM,27.9,"$150,187,987","$82,655,203","$49,831,436","$15,314,261","$595,087",2018,77,85
214,CHC,28.8,"$194,259,933","$152,092,957","$37,451,220","$1,216,894","$298,862",2018,95,68
215,DET,27.5,"$130,995,349","$67,047,516","$37,720,870","$24,437,359","$1,789,604",2018,64,98
216,LAA,27.5,"$173,717,599","$91,914,083","$57,532,566","$24,127,380","$143,570",2018,80,82
217,BOS,28.6,"$227,398,860","$167,955,780","$18,074,000","$41,755,860","$158,220",2018,108,54
218,LAD,28.8,"$199,582,045","$160,502,596","$3,908,850","$30,541,679","$4,628,920",2018,92,71
219,WSH,27.6,"$181,382,609","$130,197,979","$8,999,485","$41,161,720","$1,023,425",2018,82,80
220,KC,26.7,"$129,944,821","$83,618,228","$7,189,167","$37,811,905","$1,325,521",2018,58,104
221,BAL,26.2,"$130,413,607","$69,637,987","$12,650,000","$43,550,980","$1,574,640",2018,47,115
222,SF,28.4,"$205,665,348","$119,689,218","$64,341,827","$21,136,053","$498,250",2018,73,89
223,SEA,29.4,"$160,243,827","$136,839,663","$13,496,812","$9,361,340","$546,012",2018,89,73
224,TEX,27.3,"$120,525,018","$76,139,016","$6,683,451","$36,936,251","$766,300",2018,67,95
225,ARI,28.9,"$141,724,597","$107,901,628","$14,124,025","$5,630,585","$14,068,359",2018,82,80
226,ATL,27.1,"$129,739,447","$73,767,565","$13,299,094","$42,392,955","$279,833",2018,90,72
227,TB,26.5,"$68,810,167","$25,668,988","$2,213,706","$35,944,023","$4,983,450",2018,90,72
228,OAK,28.9,"$77,673,582","$61,525,657","$4,972,604","$10,118,631","$1,056,690",2018,97,65
229,PIT,26.7,"$91,025,861","$67,576,415","$4,670,500","$17,492,114","$1,286,832",2018,82,79
230,MIL,28.6,"$108,982,016","$87,588,839","$7,321,500","$11,383,150","$388,527",2018,96,67
231,CHW,26.8,"$71,839,808","$54,911,542","$5,920,130","$7,681,442","$976,694",2018,62,100
232,PHI,27.0,"$104,297,471","$97,016,347",-,"$6,936,684","$344,440",2018,80,82
233,HOU,28.1,"$163,724,216","$158,720,510","$556,400","$4,027,264","$420,042",2018,103,59
234,MIA,26.5,"$91,665,500","$43,033,514","$15,407,490","$31,020,460","$2,204,036",2018,63,98
235,CIN,26.7,"$100,305,768","$82,511,299","$1,344,890","$15,242,487","$1,207,092",2018,67,95
236,SD,26.0,"$101,760,815","$50,099,477","$5,702,300","$44,479,430","$934,608",2018,66,96
237,CLE,29.6,"$142,604,703","$123,470,545","$12,836,166","$5,222,548","$1,075,444",2018,91,71
238,COL,28.3,"$143,968,544","$131,213,168","$7,545,000","$4,442,400","$767,976",2018,91,72
239,MIN,27.1,"$115,509,520","$56,254,373","$29,213,890","$29,264,527","$776,730",2018,78,84
240,BOS,28.1,"$209,872,508","$172,158,546","$5,941,108","$30,597,474","$1,175,380",2017,93,69
241,KC,28.3,"$148,227,822","$120,678,691","$1,046,749","$19,965,515","$1,536,867",2017,80,82
242,CHC,28.4,"$172,092,536","$161,127,834",-,"$10,748,400","$216,302",2017,92,70
243,WSH,29.1,"$182,238,854","$164,539,852","$11,351,707","$5,952,690","$394,605",2017,97,65
244,NYM,26.6,"$143,315,158","$48,736,470","$44,924,726","$49,595,502","$58,460",2017,70,92
245,SEA,28.4,"$160,741,810","$120,728,483","$29,449,738","$9,229,977","$1,333,612",2017,78,84
246,LAA,28.9,"$166,161,209","$114,610,825","$16,095,730","$34,823,286","$631,368",2017,80,82
247,BAL,27.9,"$174,129,785","$163,560,704",-,"$7,267,168","$3,301,913",2017,75,87
248,NYY,27.4,"$209,044,502","$161,826,896","$7,867,680","$36,170,687","$179,239",2017,91,71
249,TOR,28.9,"$175,617,487","$127,315,534","$22,811,106","$21,914,802","$3,576,045",2017,76,86
250,LAD,28.4,"$259,311,393","$182,501,228","$22,654,516","$41,492,656","$10,735,130",2017,104,58
251,DET,27.1,"$188,028,874","$91,135,320","$18,000,000","$77,874,916","$1,018,638",2017,64,98
252,SF,28.1,"$188,406,809","$171,792,784","$7,219,058","$6,354,972","$3,039,995",2017,64,98
253,STL,27.1,"$145,256,085","$104,261,954","$6,935,000","$29,772,125","$587,006",2017,83,79
254,TEX,28.1,"$141,966,320","$106,415,185","$1,074,360","$33,856,996","$619,779",2017,78,84
255,COL,27.3,"$139,499,341","$108,379,084",-,"$30,443,391","$676,866",2017,87,75
256,MIL,28.0,"$64,576,736","$57,578,930","$547,000","$6,033,614","$417,192",2017,86,76
257,CLE,27.9,"$132,258,928","$116,072,319","$6,129,713","$10,007,205","$49,691",2017,102,60
258,PHI,25.7,"$104,020,808","$28,213,540","$16,578,578","$58,889,622","$339,068",2017,66,96
259,TB,27.9,"$77,811,205","$59,818,694","$6,867,218","$7,098,455","$382,917",2017,80,82
260,OAK,27.2,"$73,477,080","$26,723,817","$1,437,784","$39,189,018","$1,126,461",2017,75,87
261,SD,26.5,"$76,921,678","$23,930,424","$5,182,750","$42,793,983","$5,014,521",2017,71,91
262,CHW,26.3,"$85,495,238","$32,540,383","$7,571,000","$44,858,846","$525,009",2017,67,95
263,ARI,28.3,"$102,619,475","$81,644,775","$19,379,200","$1,572,116","$23,384",2017,93,69
264,PIT,27.7,"$100,503,030","$66,496,313","$16,750,000","$14,381,028","$125,689",2017,75,87
265,HOU,28.1,"$138,344,211","$128,445,916","$835,843","$3,284,838","$2,052,614",2017,101,61
266,CIN,25.7,"$96,436,003","$64,567,947","$16,021,450","$15,403,006","$443,600",2017,68,94
267,MIN,27.8,"$120,842,831","$75,616,449","$22,830,000","$19,497,309","$2,899,073",2017,85,77
268,MIA,28.9,"$110,765,599","$72,360,311","$21,441,206","$13,782,819","$3,181,263",2017,77,85
269,ATL,27.5,"$105,268,575","$81,963,434","$1,997,766","$21,037,983","$269,392",2017,72,90
270,CHC,28.4,"$186,772,494","$165,798,832","$2,050,500","$17,412,586","$1,510,576",2016,103,58
271,NYM,28.1,"$147,744,060","$101,803,832","$39,822,605","$6,117,623",-,2016,87,75
272,SEA,28.6,"$147,003,780","$132,303,221","$4,036,934","$9,931,590","$732,035",2016,86,76
273,BAL,28.5,"$154,148,832","$148,307,663","$2,650,245","$2,773,173","$417,751",2016,89,73
274,STL,27.9,"$149,355,870","$132,790,389","$13,596,500","$2,968,981",-,2016,86,76
275,KC,28.3,"$141,587,358","$106,349,212","$20,825,000","$14,210,664","$202,482",2016,81,81
276,CHW,27.0,"$129,715,686","$88,724,466","$12,024,268","$28,966,952",-,2016,78,84
277,SF,29.2,"$178,834,344","$176,684,532","$487,120","$1,082,965","$579,729",2016,87,75
278,BOS,28.5,"$207,758,836","$165,121,274","$19,567,513","$2,194,948","$20,875,101",2016,93,69
279,DET,28.2,"$200,179,285","$163,019,728","$28,189,200","$8,675,064","$295,293",2016,86,75
280,LAA,27.7,"$174,290,373","$89,811,509","$39,667,205","$42,327,190","$2,484,469",2016,74,88
281,NYY,27.6,"$220,743,376","$159,213,515","$10,509,409","$50,238,466","$781,986",2016,84,78
282,LAD,28.5,"$264,470,494","$193,881,011","$13,288,890","$52,652,847","$4,647,746",2016,91,71
283,TOR,29.7,"$148,385,479","$134,332,539","$1,000,000","$12,644,767","$565,489",2016,89,73
284,MIN,27.0,"$97,244,457","$66,477,950","$24,241,532","$3,663,294","$2,861,681",2016,59,103
285,HOU,26.8,"$99,828,742","$75,441,606","$6,968,124","$15,955,584","$2,113,693",2016,84,78
286,SD,27.2,"$83,435,559","$21,508,794","$13,711,664","$48,181,815","$33,286",2016,68,94
287,TEX,27.5,"$143,021,690","$114,724,626","$21,458,018","$6,652,924","$186,122",2016,95,67
288,TB,27.4,"$62,408,549","$36,226,000","$5,226,100","$20,177,348","$779,101",2016,68,94
289,MIA,28.0,"$76,365,306","$60,842,038","$3,300,000","$10,032,559","$2,190,709",2016,79,82
290,CLE,28.1,"$104,971,268","$61,284,062","$11,875,000","$30,765,065","$47,141",2016,94,67
291,OAK,26.7,"$83,109,288","$28,084,351","$19,754,414","$35,098,597","$171,926",2016,69,93
292,PIT,28.0,"$99,518,136","$57,311,465","$10,861,276","$31,267,751","$77,644",2016,78,83
293,CIN,27.0,"$87,226,437","$63,783,665","$11,856,070","$10,862,757","$723,945",2016,68,94
294,ATL,26.6,"$96,019,377","$46,917,344","$8,116,832","$41,248,677","$244,024",2016,68,93
295,ARI,26.0,"$97,874,482","$78,823,003","$1,051,200","$17,455,091","$545,188",2016,69,93
296,COL,27.4,"$106,902,280","$88,354,041","$1,289,832","$16,710,362","$548,045",2016,75,87
297,PHI,26.8,"$103,898,809","$53,797,706","$22,025,303","$21,909,132","$6,166,668",2016,71,91
298,WSH,28.5,"$139,583,852","$119,416,458","$5,869,400","$14,207,786","$90,208",2016,95,67
299,MIL,27.1,"$62,161,191","$49,464,613","$2,517,700","$8,299,097","$1,879,781",2016,73,89
300,ATL,26.7,"$110,913,266","$55,097,676","$11,263,899","$44,307,649","$244,042",2015,67,95
301,SEA,27.5,"$126,045,473","$95,874,782","$1,383,169","$25,921,321","$2,866,201",2015,76,86
302,TOR,29.4,"$138,309,664","$106,426,104","$6,382,500","$25,214,964","$286,096",2015,93,69
303,CHW,27.4,"$116,925,487","$94,365,735","$507,500","$9,052,252",-,2015,76,86
304,TEX,27.6,"$135,285,607","$111,715,876","$13,135,760","$10,018,970","$415,001",2015,88,74
305,CIN,27.4,"$112,333,097","$68,445,559","$22,890,777","$20,832,787","$163,974",2015,64,98
306,LAA,28.0,"$142,198,162","$106,512,083","$19,015,000","$16,043,722","$627,357",2015,85,77
307,LAD,28.4,"$301,735,080","$202,137,688","$20,914,084","$68,164,195","$10,519,113",2015,92,70
308,WSH,28.0,"$165,655,095","$146,009,803","$17,556,549","$2,000,000","$88,743",2015,83,79
309,SF,29.4,"$180,163,630","$133,109,385","$38,423,837","$7,522,089","$1,108,319",2015,84,78
310,DET,27.4,"$162,160,921","$109,879,336","$27,072,978","$25,208,607",-,2015,74,87
311,PHI,27.4,"$141,722,639","$52,800,331","$33,290,177","$51,719,664","$3,912,467",2015,63,99
312,BOS,27.2,"$183,481,478","$95,030,446","$42,985,571","$45,443,277","$22,184",2015,78,84
313,NYY,27.6,"$221,242,659","$187,465,727","$24,415,379","$8,459,561","$394,492",2015,87,75
314,COL,27.1,"$101,277,051","$74,930,648","$6,103,870","$19,940,868","$301,665",2015,68,94
315,KC,28.8,"$126,529,835","$111,740,891","$10,483,450","$4,047,582","$257,912",2015,95,67
316,SD,27.6,"$107,915,272","$93,212,255","$11,029,819","$3,267,222","$405,976",2015,74,88
317,MIA,27.1,"$72,990,525","$28,171,144","$15,751,830","$19,528,890","$138,661",2015,71,91
318,TB,27.1,"$73,241,552","$52,092,948","$8,440,963","$12,164,597","$543,044",2015,80,82
319,HOU,27.6,"$81,341,546","$64,818,398","$11,040,900","$3,150,680","$2,331,568",2015,86,76
320,CLE,27.1,"$77,404,413","$45,520,977","$680,720","$29,817,050","$1,385,666",2015,81,80
321,BAL,27.5,"$116,400,870","$97,083,315","$1,245,000","$17,776,584","$295,971",2015,81,81
322,PIT,28.8,"$99,435,606","$78,904,030","$14,318,868","$2,759,768","$452,940",2015,98,64
323,ARI,26.0,"$76,781,801","$45,142,733","$1,026,500","$30,465,028","$147,540",2015,79,83
324,OAK,27.9,"$80,491,339","$42,311,467","$8,772,896","$29,168,581","$238,395",2015,68,94
325,NYM,28.3,"$110,398,927","$103,930,260","$5,551,249","$129,200","$476,251",2015,90,72
326,MIN,28.1,"$106,231,818","$101,448,147","$2,070,081","$2,200,000","$513,590",2015,83,79
327,STL,28.4,"$132,178,951","$128,814,787","$3,195,000",-,"$169,164",2015,100,62
328,CHC,28.3,"$132,993,810","$106,652,384","$1,000,000","$23,656,617","$1,684,809",2015,97,65
329,MIL,26.5,"$93,852,267","$58,772,714","$1,020,000","$33,510,458","$549,095",2015,68,94
330,ATL,27.0,"$116,865,707","$102,713,304",-,"$14,100,492","$51,911",2014,79,83
331,CIN,27.9,"$113,351,318","$99,729,931","$5,500,000","$6,890,711","$1,744,338",2014,76,86
332,WSH,28.3,"$143,278,577","$142,964,370",-,"$136,612","$177,595",2014,96,66
333,ARI,26.9,"$106,343,190","$67,825,588","$9,500,000","$28,134,272","$333,330",2014,64,98
334,LAA,28.6,"$165,244,781","$132,293,502",-,"$32,051,279","$900,000",2014,98,64
335,TOR,28.0,"$141,812,172","$122,125,961","$3,000,000","$5,186,211","$11,500,000",2014,83,79
336,STL,27.5,"$121,340,470","$114,640,584",-,"$5,699,886","$1,000,000",2014,90,72
337,SF,28.8,"$160,336,782","$152,735,333",-,"$7,501,449","$100,000",2014,88,74
338,TEX,26.8,"$124,805,583","$116,811,403",-,"$7,994,180",-,2014,67,95
339,DET,27.8,"$172,143,106","$148,590,789","$15,800,000","$7,255,247","$497,070",2014,90,72
340,BOS,27.7,"$170,095,758","$95,417,971",-,"$61,397,733","$30,054",2014,71,91
341,PHI,29.1,"$175,061,605","$145,123,014","$25,000,000","$4,263,731","$674,860",2014,73,89
342,NYY,29.5,"$212,512,317","$196,734,750",-,"$15,663,048","$114,519",2014,84,78
343,LAD,28.9,"$241,557,818","$235,557,818",-,"$3,000,000","$3,000,000",2014,94,68
344,COL,27.8,"$96,772,365","$96,456,583",-,"$202,995","$112,787",2014,66,96
345,SD,27.6,"$85,001,967","$67,296,350","$501,400","$16,594,743","$609,474",2014,77,85
346,SEA,27.5,"$115,534,174","$100,330,060",-,"$12,504,114","$1,700,000",2014,87,75
347,OAK,29.1,"$91,638,412","$65,864,461",-,"$22,605,236","$3,168,715",2014,88,74
348,MIA,26.8,"$50,559,679","$42,496,784",-,"$7,939,616","$123,279",2014,77,85
349,HOU,26.7,"$51,679,490","$45,231,726",-,"$6,051,590","$396,174",2014,70,92
350,PIT,27.6,"$76,802,804","$69,388,939",-,"$7,320,970","$92,895",2014,88,74
351,CLE,27.7,"$84,481,929","$60,720,646",-,"$23,415,930","$345,353",2014,85,77
352,TB,28.0,"$76,821,046","$63,704,707",-,"$13,116,339",-,2014,77,85
353,MIL,28.3,"$108,777,046","$108,174,589",-,"$520,491","$81,966",2014,82,80
354,KC,28.7,"$96,603,300","$90,536,848",-,"$4,686,452","$1,380,000",2014,89,73
355,NYM,27.5,"$94,478,037","$74,021,346",-,"$19,290,982","$1,165,709",2014,79,83
356,CHW,26.9,"$89,297,302","$60,305,897",-,"$28,411,749","$579,656",2014,73,89
357,CHC,26.7,"$90,364,741","$54,429,470",-,"$34,683,034","$1,252,237",2014,73,89
358,MIN,27.0,"$87,494,478","$72,140,448",-,"$15,337,637","$16,393",2014,70,92
359,BAL,28.0,"$113,562,943","$108,470,318",-,"$2,282,926","$2,809,699",2014,96,66
360,CHW,26.9,"$111,777,595","$82,929,539",-,"$28,663,303","$184,753",2013,63,99
361,NYM,28.0,"$101,300,814","$70,361,236","$500,625","$29,697,743","$741,210",2013,74,88
362,TEX,28.5,"$137,937,146","$124,162,497","$465,901","$13,104,000","$204,748",2013,91,72
363,CHC,26.8,"$103,152,899","$55,657,243","$2,263,715","$40,905,330","$4,326,611",2013,66,96
364,DET,28.4,"$157,332,966","$151,033,294","$494,000","$5,805,672",-,2013,93,69
365,BOS,28.9,"$172,084,264","$167,018,895",-,"$5,340,903","$96,393",2013,97,65
366,SF,28.4,"$140,280,186","$137,880,980",-,"$2,157,977","$241,229",2013,76,86
367,TOR,29.3,"$131,771,168","$118,289,792",-,"$5,613,565","$7,867,811",2013,74,88
368,LAA,27.7,"$141,542,644","$117,426,989",-,"$23,845,171","$270,484",2013,78,84
369,PHI,28.8,"$163,536,898","$154,262,761","$765,791","$8,307,527","$200,819",2013,73,89
370,LAD,29.1,"$236,694,375","$207,849,759",-,"$22,547,116","$6,297,500",2013,92,70
371,NYY,29.8,"$234,518,126","$221,782,587",-,"$10,760,350","$1,975,189",2013,85,77
372,STL,27.8,"$120,192,638","$114,729,933",-,"$5,406,476","$56,229",2013,97,65
373,WSH,26.9,"$116,584,094","$107,973,970","$491,000","$6,025,410","$2,093,714",2013,86,76
374,MIN,27.2,"$81,300,970","$58,450,017",-,"$17,083,194","$5,767,759",2013,66,96
375,TB,29.1,"$72,600,703","$70,029,393","$270,436","$2,250,000","$50,874",2013,92,71
376,ATL,27.7,"$94,947,950","$94,401,592",-,"$202,972","$343,386",2013,96,66
377,MIL,27.5,"$88,221,045","$70,615,690",-,"$7,818,853","$286,502",2013,74,88
378,MIA,26.3,"$36,209,554","$27,969,339",-,"$6,896,666","$543,549",2013,62,100
379,OAK,28.0,"$67,055,517","$65,065,572",-,"$1,984,590","$5,355",2013,96,66
380,PIT,28.2,"$71,480,984","$67,762,905",-,"$832,370","$2,885,709",2013,94,68
381,SD,27.5,"$67,649,701","$64,220,894",-,"$3,238,561","$190,246",2013,76,86
382,KC,28.2,"$84,398,434","$76,594,673",-,"$6,399,663","$1,404,098",2013,86,76
383,HOU,25.3,"$28,727,913","$12,078,450",-,"$15,562,961","$1,086,502",2013,51,111
384,CLE,28.1,"$93,008,897","$78,454,465","$602,603","$13,914,068","$37,761",2013,92,70
385,COL,27.9,"$76,741,788","$73,766,018",-,"$1,459,705","$1,516,065",2013,74,88
386,ARI,28.2,"$88,316,478","$78,126,043",-,"$9,916,749","$273,686",2013,81,81
387,CIN,28.3,"$103,804,640","$97,930,597","$4,500,000",-,"$1,374,043",2013,90,72
388,SEA,26.8,"$82,720,022","$63,758,496",-,"$18,717,866","$243,660",2013,71,91
389,BAL,27.6,"$100,430,869","$97,466,019",-,"$1,222,009","$42,841",2013,85,77
390,TEX,27.4,"$138,312,903","$135,062,903",-,"$3,250,000",-,2012,93,69
391,COL,27.2,"$87,232,529","$76,398,104",-,"$10,834,425",-,2012,64,98
392,STL,28.0,"$119,957,765","$118,482,081",-,"$1,475,684",-,2012,88,74
393,NYM,27.4,"$104,988,166","$101,049,642",-,"$3,938,524",-,2012,74,88
394,MIA,27.3,"$98,120,191","$80,745,905",-,"$17,249,970","$124,316",2012,69,93
395,SF,29.0,"$137,043,205","$122,345,338",-,"$14,697,867",-,2012,94,68
396,MIL,27.7,"$113,095,795","$110,652,079",-,"$2,443,716",-,2012,83,79
397,BOS,28.5,"$173,216,551","$166,392,780",-,"$6,823,771",-,2012,69,93
398,DET,27.2,"$143,782,286","$138,282,286",-,"$5,500,000",-,2012,88,74
399,MIN,27.6,"$107,939,507","$107,939,507",-,-,-,2012,66,96
400,LAA,28.4,"$157,168,625","$153,844,690",-,"$3,323,935",-,2012,89,73
401,CHC,26.4,"$115,861,526","$83,319,366",-,"$32,542,160",-,2012,61,101
402,PHI,29.5,"$177,862,491","$167,544,458",-,"$10,318,033",-,2012,81,81
403,NYY,30.4,"$225,589,742","$213,651,218",-,"$11,938,524",-,2012,95,67
404,LAD,29.0,"$117,202,717","$112,952,717",-,"$4,250,000",-,2012,86,76
405,ARI,28.6,"$80,711,013","$74,074,400",-,"$6,636,613",-,2012,81,81
406,TOR,28.2,"$95,551,627","$89,817,658",-,"$5,083,969","$650,000",2012,73,89
407,CIN,27.8,"$89,901,498","$89,101,498",-,-,"$800,000",2012,97,65
408,CHW,27.9,"$108,841,055","$108,119,744",-,"$721,311",-,2012,85,77
409,OAK,27.2,"$60,470,192","$56,608,334",-,"$3,861,858",-,2012,94,68
410,TB,28.6,"$68,144,135","$67,844,135",-,"$300,000",-,2012,90,72
411,PIT,28.2,"$61,118,682","$57,932,479",-,"$3,186,203",-,2012,79,83
412,BAL,27.0,"$82,932,168","$80,099,381",-,"$2,832,787",-,2012,93,69
413,SD,27.5,"$63,831,125","$60,053,625",-,"$2,550,000","$1,227,500",2012,76,86
414,KC,26.4,"$70,344,235","$66,385,000",-,"$2,579,235","$1,380,000",2012,72,90
415,HOU,26.1,"$54,547,239","$23,728,500",-,"$30,818,739",-,2012,55,107
416,WSH,27.2,"$98,044,359","$95,623,594",-,"$420,765","$2,000,000",2012,98,64
417,ATL,28.4,"$97,928,056","$86,492,616",-,"$11,435,440",-,2012,94,68
418,SEA,26.7,"$84,289,928","$73,071,348",-,"$11,218,580",-,2012,75,87
419,CLE,27.2,"$76,577,243","$70,583,254",-,"$5,993,989",-,2012,68,94
420,CHW,28.5,"$127,263,027","$114,482,025",-,"$12,781,002",-,2011,79,83
421,BAL,27.7,"$91,751,399","$91,391,741",-,-,"$359,658",2011,69,93
422,LAD,28.6,"$115,174,517","$98,385,517",-,"$16,789,000",-,2011,82,79
423,SF,29.0,"$125,242,452","$124,142,452",-,"$1,100,000",-,2011,86,76
424,SEA,26.9,"$100,829,148","$88,307,834",-,"$12,521,314",-,2011,67,95
425,HOU,27.2,"$84,598,388","$71,121,885",-,"$13,476,503",-,2011,56,106
426,CHC,28.1,"$137,666,584","$123,941,584",-,"$13,725,000",-,2011,71,91
427,PHI,29.9,"$170,018,182","$169,849,882",-,"$168,300",-,2011,102,60
428,LAA,27.7,"$146,648,559","$133,613,959",-,"$13,034,600",-,2011,86,76
429,MIN,27.4,"$114,445,627","$107,337,033",-,"$7,108,594",-,2011,63,99
430,NYM,28.7,"$142,245,841","$96,577,418",-,"$45,668,423",-,2011,77,85
431,BOS,28.9,"$170,490,761","$162,455,090",-,"$8,239,278",-,2011,90,72
432,DET,27.6,"$111,521,015","$111,271,015",-,"$250,000",-,2011,95,67
433,STL,28.3,"$118,919,465","$115,410,901",-,"$2,808,564","$700,000",2011,90,72
434,WSH,27.4,"$74,574,723","$72,574,723",-,-,"$2,000,000",2011,80,81
435,COL,27.8,"$82,897,934","$77,367,736",-,"$5,530,198",-,2011,73,89
436,ATL,28.7,"$98,696,230","$98,521,630",-,"$174,600",-,2011,89,73
437,TEX,28.0,"$103,326,721","$98,857,920",-,"$4,468,801",-,2011,96,66
438,CIN,27.8,"$81,920,546","$79,612,874",-,"$2,307,672",-,2011,79,83
439,OAK,27.3,"$75,241,048","$68,725,475",-,"$6,515,573",-,2011,74,88
440,MIL,28.5,"$92,277,138","$91,777,138",-,"$500,000",-,2011,96,66
441,TOR,26.2,"$73,491,604","$56,304,461",-,"$17,187,143",-,2011,81,81
442,MIA,27.2,"$65,006,851","$63,006,851",-,"$2,000,000",-,2011,72,90
443,KC,26.1,"$52,486,804","$38,687,131",-,"$12,419,673","$1,380,000",2011,71,91
444,CLE,27.4,"$55,960,593","$55,960,593",-,-,-,2011,80,82
445,ARI,28.5,"$64,297,970","$56,498,519",-,"$6,899,451","$900,000",2011,94,68
446,SD,27.9,"$48,018,810","$47,418,810",-,"$600,000",-,2011,71,91
447,PIT,26.9,"$47,976,645","$46,168,585",-,"$1,808,060",-,2011,72,90
448,TB,27.7,"$45,386,925","$45,386,925",-,-,-,2011,91,71
449,NYY,29.5,"$210,950,685","$210,950,685",-,-,-,2011,97,65
